
INSERT INTO evidencia VALUES(1,  'A evidencia foi obtida pela equipe policial', 'arma');
INSERT INTO evidencia VALUES(2,  'A evidencia foi obtida pela equipe policial', 'arma');
INSERT INTO evidencia VALUES(3,  'A evidencia foi obtida pela equipe policial', 'arma');
INSERT INTO evidencia VALUES(4,  'A evidencia foi obtida pela equipe policial', 'arma');
INSERT INTO evidencia VALUES(5,  'A evidencia foi obtida pela equipe policial', 'arma');
INSERT INTO evidencia VALUES(6,  'A evidencia foi obtida pela equipe policial', 'veiculo');
INSERT INTO evidencia VALUES(7,  'A evidencia foi obtida pela equipe policial', 'veiculo');
INSERT INTO evidencia VALUES(8,  'A evidencia foi obtida pela equipe policial', 'veiculo');
INSERT INTO evidencia VALUES(9,  'A evidencia foi obtida pela equipe policial', 'veiculo');
INSERT INTO evidencia VALUES(10, 'A evidencia foi obtida pela equipe policial', 'veiculo');
INSERT INTO evidencia VALUES(11, 'A evidencia foi obtida pela equipe policial', 'objeto');
INSERT INTO evidencia VALUES(12, 'A evidencia foi obtida pela equipe policial', 'objeto');
INSERT INTO evidencia VALUES(13, 'A evidencia foi obtida pela equipe policial', 'objeto');
INSERT INTO evidencia VALUES(14, 'A evidencia foi obtida pela equipe policial', 'objeto');
INSERT INTO evidencia VALUES(15, 'A evidencia foi obtida pela equipe policial', 'objeto');
INSERT INTO evidencia VALUES(16, 'A evidencia foi obtida pela equipe policial', 'substancia');
INSERT INTO evidencia VALUES(17, 'A evidencia foi obtida pela equipe policial', 'substancia');
INSERT INTO evidencia VALUES(18, 'A evidencia foi obtida pela equipe policial', 'substancia');
INSERT INTO evidencia VALUES(19, 'A evidencia foi obtida pela equipe policial', 'substancia');
INSERT INTO evidencia VALUES(20, 'A evidencia foi obtida pela equipe policial', 'substancia');
INSERT INTO evidencia VALUES(21, 'A evidencia foi obtida pela equipe policial', 'celular');
INSERT INTO evidencia VALUES(22, 'A evidencia foi obtida pela equipe policial', 'celular');
INSERT INTO evidencia VALUES(23, 'A evidencia foi obtida pela equipe policial', 'celular');
INSERT INTO evidencia VALUES(24, 'A evidencia foi obtida pela equipe policial', 'celular');
INSERT INTO evidencia VALUES(25, 'A evidencia foi obtida pela equipe policial', 'celular');


INSERT INTO arma VALUES('7,62','10465', 'Companhia Brasileira de Cartuchos','PKM', 1);
INSERT INTO arma VALUES('45','10466', 'Companhia Brasileira de Cartuchos', 'M1911',2);
INSERT INTO arma VALUES('7,63','10467', 'Companhia Brasileira de Cartuchos', 'AK47', 3);
INSERT INTO arma VALUES('37','10468', 'Companhia Brasileira de Cartuchos', 'Magnum Smith e Wesson', 4);
INSERT INTO arma VALUES('50','10469','Companhia Brasileira de Cartuchos', 'Browning', 5);


INSERT INTO veiculo VALUES('9BC114SU09C400006', 'AFO8', 'Prisma', '2017-09-23', '2018-12-13', 'Chevrolet', 'Prata', 6);
INSERT INTO veiculo VALUES('9BF114SU09C400007', 'LWI6', 'Argo',   '2017-03-09', '2018-09-13', 'Fiat', 'Preto', 7);
INSERT INTO veiculo VALUES('9BF116SU09C400008', 'NDL8', 'Fiesta', '2017-12-08', '2018-08-13', 'Ford', 'Vermelho', 8);
INSERT INTO veiculo VALUES('9BF116SU09C400009', 'EXR8', 'Fiesta', '2017-02-01', '2018-12-08', 'Ford', 'Branco', 9);
INSERT INTO veiculo VALUES('9BC116SU09C400010', 'DLO7', 'Corola', '2017-11-11', '2018-12-12', 'Toyota', 'Prata', 10);


INSERT INTO Objeto VALUES('Faca', 'Objeto pontiagudo', 11);
INSERT INTO Objeto VALUES('Toalha', 'Objeto que possui substancias suspeitas', 12);
INSERT INTO Objeto VALUES('Vidro', 'Objeto pontiagudo', 13);
INSERT INTO Objeto VALUES('Computador', 'Objeto que contem infomacoes relevantes', 14);
INSERT INTO Objeto VALUES('Celular', 'Objeto que contem infomacoes relevantes', 15);


INSERT INTO substancia VALUES('Bisfenol A', 30, 'Embalagem', 15, 3, 6, 1, 16);
INSERT INTO substancia VALUES('Dioxina',    40, 'Embalagem', 12, 2, 6, 1, 17);
INSERT INTO substancia VALUES('Atrazina',   23, 'Embalagem', 10, 3, 7, 1, 18);
INSERT INTO substancia VALUES('Ftalatos',   12, 'Embalagem', 7, 2, 7, 1, 19);
INSERT INTO substancia VALUES('Perclorato', 89, 'Embalagem', 9, 3, 5, 1, 20);

INSERT INTO celular  VALUES('520605581898076', 991548671, '2016-12-08', 'Zenfone 3', 'Zenfone 3', '94239491002', 'Paula', 21);
INSERT INTO celular  VALUES('549913707200913', 992508671, '2017-11-08', 'A8', 'A8', '45573986007', 'João', 22);
INSERT INTO celular  VALUES('522774125643956', 993547672, '2018-01-05', 'Moto G', 'Moto G', '35043139005', 'Maira', 23);
INSERT INTO celular  VALUES('983614963891279', 981547673, '2018-02-13', 'Iphone X', 'Iphone X', '60617939012', 'Pedro', 24);
INSERT INTO celular  VALUES('538587508441554', 988547675, '2018-10-14', 'A9', 'A9', '69744561076', 'Roberta', 25);


INSERT INTO endereco VALUES(1, '79017470', 'Rua Luiz Ferreira', 233, 'Nova Lima', 'casa', 'MS', 'Campo Grande');
INSERT INTO endereco VALUES(2, '79063307', 'Rua Filomena Segundo Nascimento', 221, 'Jardim Antáres', 'casa', 'MS', 'Campo Grande');
INSERT INTO endereco VALUES(3, '7908-022', 'Rua Dable Cury Nimer', 1199, 'Conjunto Aero Rancho', 'casa', 'MS', 'Campo Grande');
INSERT INTO endereco VALUES(4, '79064140', 'Rua Buenópolis', 9965, 'Vila Cidade Morena', 'casa', 'MS', 'Campo Grande');
INSERT INTO endereco VALUES(5, '79022403', 'Rua Praia da Costa', 165, 'Jardim Autonomista', 'casa', 'MS', 'Campo Grande');
INSERT INTO endereco VALUES(6, '79070604', 'Rua Durvalina Constância', 154, 'Colinas de Campo Grande', 'casa', 'MS', 'Campo Grande');
INSERT INTO endereco VALUES(4, '79050320', 'Rua Rolândias', 41, 'Vila Carlota', 'casa', 'MS', 'Campo Grande');
INSERT INTO endereco VALUES(4, '79037110', 'Rua Rio Vermelho', 67, 'Jardim Veraneio', 'casa', 'MS', 'Campo Grande');


INSERT INTO delegacia VALUES(1, 'Quinta Delegacia de Policia de Campo Grande', '5ªDP');
INSERT INTO delegacia VALUES(2, 'Defurv Polícia Civil', 'DPC');
INSERT INTO delegacia VALUES(3, 'Delegacia Especializada de Atendimento a Mulher', 'DEAM');
INSERT INTO delegacia VALUES(4, 'Policia Civil - 6ª Distrito Policial', 'DC');
INSERT INTO delegacia VALUES(5, '1ª DP Delegacia de Policia Civil', 'DPC');
INSERT INTO delegacia VALUES(6, 'Policia Civil-4 Distrito Policial-Moreninha', 'DPM');
INSERT INTO delegacia VALUES(7, 'Del. de Atendimento à Infancia e Juventude', 'DEAIJ');
INSERT INTO delegacia VALUES(8, 'Delegacia-Geral da Polícia Civil', 'DGPC');


INSERT INTO policial VALUES(1, 'Francisco Paulo', 'francisco@gmail.com', '123francisco', 'Policial');
INSERT INTO policial VALUES(2, 'Pedro Almeida', 'pedro@gmail.com', '123pedro', 'Policial');
INSERT INTO policial VALUES(3, 'Joao Fernado', 'joao@gmail.com', '123joao', 'Policial');
INSERT INTO policial VALUES(4, 'Felipe Melo', 'felipe@gmail.com', '123felipe', 'Policial'); 
INSERT INTO policial VALUES(5, 'Matheus Perreira', 'matheus@gmail.com', '123metheus', 'Policial');
INSERT INTO policial VALUES(6, 'Guilherme Ferreira', 'guilherma@gmail.com', '123guilherme', 'Policial');
INSERT INTO policial VALUES(7, 'Paula Oliveira', 'paula@gmail.com', '123paula', 'Policial');
INSERT INTO policial VALUES(8, 'Maria Santos', 'maria@gmail.com', '123maria', 'Policial');
INSERT INTO policial VALUES(9, 'Ana Vidal', 'ana@gmail.com', '123ana', 'Policial');
INSERT INTO policial VALUES(10, 'Fernanda Lima', 'fernada@gmail.com', '123fernada', 'Delegado');
INSERT INTO policial VALUES(11, 'Vitoria Madalena', 'vitoria@gmail.com', '123vitoria', 'Delegado');
INSERT INTO policial VALUES(12, 'Mariana Lima', 'mariana@gmail.com', '123mariana', 'Delegado');
INSERT INTO policial VALUES(13, 'Clara Caggi', 'clara@gmail.com', '123clara', 'Delegado');
INSERT INTO policial VALUES(14, 'Marcelo Nascimento', 'marcelo@gmail.com', '123marcelo', 'Delegado');
INSERT INTO policial VALUES(15, 'Vitor Vidal', 'vitor@gmail.com', '123vitor','Delegado');
INSERT INTO policial VALUES(16, 'Bruno Jasper', 'bruno@gmail.com', '123bruno', 'Delegado');
INSERT INTO policial VALUES(17, 'Henrique Freitas', 'marcelo@gmail.com', '123henrique', 'Delegado');


INSERT INTO delegado Values(10, 1);
INSERT INTO delegado Values(11, 2);
INSERT INTO delegado Values(12, 3);
INSERT INTO delegado Values(13, 4);
INSERT INTO delegado Values(14, 5);
INSERT INTO delegado Values(15, 6);
INSERT INTO delegado Values(16, 7);
INSERT INTO delegado Values(17, 8);


INSERT INTO cidadao VALUES(72250513180, 'Larissa Eliane Nunes',       '1983-12-13',  1650140, 28759187,  'MS', 'Campo Grande', 'Ativo', 'Lari',   1);
INSERT INTO cidadao VALUES(37066750136, 'Rosa Teresinha Dias',        '1989-12-08',  3165888, 99604365,  'MS', 'Campo Grande', 'Ativo', 'Ros',    1);
INSERT INTO cidadao VALUES(93264108119, 'Mariana Bárbara Pereira',    '1985-10-13',  1931289, 28268397,  'MS', 'Campo Grande', 'Ativo', 'Mari',   1);
INSERT INTO cidadao VALUES(39474469180, 'Rayssa Benedita Lara Porto', '1991-10-13',  4301074, 99179796,  'MS', 'Campo Grande', 'Ativo', 'Rat',    1);
INSERT INTO cidadao VALUES(50997400145, 'Esther Maitê Gomes',         '1983-12-13',  4370120, 26037062,  'MS', 'Campo Grande', 'Ativo', 'Esth',   1);
INSERT INTO cidadao VALUES(47566427130, 'Sophia Caroline Nogueira',   '1991-06-09',  2043665, 99305185,  'MS', 'Campo Grande', 'Ativo', 'Soph',   2);
INSERT INTO cidadao VALUES(68153338170, 'Nina Stefany Pinto',         '1991-10-20',  1439803, 36703004,  'MS', 'Campo Grande', 'Ativo', 'Nina',   2);
INSERT INTO cidadao VALUES(89994931130, 'Emanuelly Mariane da Rocha', '1991-07-01',  1009685, 99569482,  'MS', 'Campo Grande', 'Ativo', 'Ema',    2);
INSERT INTO cidadao VALUES(24850103154, 'Caroline Juliana Costa',     '1993-06-11',  2272960, 28759187,  'MS', 'Campo Grande', 'Ativo', 'Carol',  2);
INSERT INTO cidadao VALUES(98204567111, 'Isabela Rosa Almada',        '1992-10-13',  4558805, 37826165,  'MS', 'Campo Grande', 'Ativo', 'Isa',    2);
INSERT INTO cidadao VALUES(96746625109, 'Carolina Teresinha Santos',  '1991-10-19', 1489485,  2875918,   'MS', 'Campo Grande', 'Ativo', 'Lana',   3);
INSERT INTO cidadao VALUES(72250513180, 'Sônia Giovanna Baptista',    '1991-08-13', 4880287,  37635871,  'MS', 'Campo Grande', 'Ativo', 'Sonia',  3);
INSERT INTO cidadao VALUES(05035083144, 'Débora Catarina da Paz',     '1991-04-25', 2103729,  38520959,  'MS', 'Campo Grande', 'Ativo', 'Deb',    3);
INSERT INTO cidadao VALUES(61355164181, 'Sônia Cristiane Costa',      '1991-12-13', 2116019,  26811263,  'MS', 'Campo Grande', 'Ativo', 'Sonia',  3);
INSERT INTO cidadao VALUES(44462188160, 'Márcia Cecília Moura',       '1991-10-14', 2420657,  37206778,  'MS', 'Campo Grande', 'Ativo', 'Marcia', 3);
INSERT INTO cidadao VALUES(17102012152, 'Bruno Vitor Nunes',          '1991-11-20', 3574820,  39223734,  'MS', 'Campo Grande', 'Ativo', 'Bruno',  4);
INSERT INTO cidadao VALUES(72250513181, 'Nicolas Henrique Araújo',    '1991-10-13', 1689374,  36462596,  'MS', 'Campo Grande', 'Ativo', 'Nick',   4);
INSERT INTO cidadao VALUES(24028964180, 'Osvaldo Antonio Aragão',     '1991-04-22', 4207391,  29711382,  'MS', 'Campo Grande', 'Ativo', 'Olaf',   4);
INSERT INTO cidadao VALUES(79649908102, 'Giovanni Gustavo da Mota',   '1991-12-13', 3195371,  67288714,  'MS', 'Campo Grande', 'Ativo', 'Gusta',  4);
INSERT INTO cidadao VALUES(57169095157, 'Danilo Levi Aparício',       '1991-10-15', 1863318,  35980778,  'MS', 'Campo Grande', 'Ativo', 'Dan',    4);
INSERT INTO cidadao VALUES(01346726159, 'Yago Alexandre Pereira',     '1991-11-13', 2008495,  29698765,  'MS', 'Campo Grande', 'Ativo', 'Yago',   5);
INSERT INTO cidadao VALUES(01782652175, 'Geraldo Manuel Barros',      '1992-12-16', 2008495,  54238764,  'MS', 'Campo Grande', 'Ativo', 'Gera',   5);
INSERT INTO cidadao VALUES(20525010106, 'Pedro Henrique Rocha',       '1989-10-15', 4191922,  38024571,  'MS', 'Campo Grande', 'Ativo', 'Henri',  5);
INSERT INTO cidadao VALUES(70906824125, 'Bryan Felipe Oliveira',      '1990-08-13', 4204415,  27240577,  'MS', 'Campo Grande', 'Ativo', 'Bry',    5);
INSERT INTO cidadao VALUES(50725142189, 'Joaquim Nicolas Neves',      '1991-12-14', 4680949,  27380815,  'MS', 'Campo Grande', 'Ativo', 'Nic',    5);
INSERT INTO cidadao VALUES(63832456191, 'Martin Enrico Almada',       '2000-12-14', 4031081,  26284401,  'MS', 'Campo Grande', 'Ativo', 'Mart',   6);
INSERT INTO cidadao VALUES(56851555140, 'Paulo Antonio Bernardes',    '2000-10-15', 3623524,  67260078,  'MS', 'Campo Grande', 'Ativo', 'Pr',     6);
INSERT INTO cidadao VALUES(43559013194, 'Ian Igor Ribeiro',           '2000-11-22', 2960143,  27865565,  'MS', 'Campo Grande', 'Ativo', 'Ian',    6);
INSERT INTO cidadao VALUES(33742872125, 'Enrico Emanuel Almeida',     '2000-09-07', 4411573,  26311325,  'MS', 'Campo Grande', 'Ativo', 'Enrt',   6);
INSERT INTO cidadao VALUES(46773960193, 'Caio Nicolas Caldeira',      '2000-08-19', 3328575,  39206326,  'MS', 'Campo Grande', 'Ativo', 'Caio',   6);

INSERT INTO possuiPais VALUES(63832456191, 50997400145);
INSERT INTO possuiPais VALUES(56851555140, 50997400145);
INSERT INTO possuiPais VALUES(43559013194, 72250513180);
INSERT INTO possuiPais VALUES(33742872125, 72250513180);
INSERT INTO possuiPais VALUES(46773960193, 72250513180);



























